id,name,age,income,city
-1.56669890,3,-0.41618142,-0.38985267,2
-1.21854359,7,0.0,0.055693239,1
-0.87038827,2,-0.37677963,0.0,0
-0.52223296,6,-0.55408770,-0.61262563,2
-0.17407765,0,2.952671799,1.392330997,1
0.174077655,5,-0.45558322,1.837876917,1
0.522232967,8,-0.41618142,-1.28094451,2
0.870388279,4,0.0,-1.50371747,3
1.218543591,9,-0.29797605,0.501239159,0
1.566698903,1,-0.43588232,0.0,1
